{
  "xgboost": {
    "precision": 0.7046263345195729,
    "recall": 0.9473684210526315,
    "f1": 0.8081632653061225,
    "roc_auc": 0.9793384496915475,
    "threshold": 0.5
  },
  "lightgbm": {
    "precision": 0.6971830985915493,
    "recall": 0.9473684210526315,
    "f1": 0.8032454361054767,
    "roc_auc": 0.974350433044637,
    "threshold": 0.5
  }
}