{
  "samples": {
    "n_train": 8817,
    "n_valid": 1007,
    "n_test": 1315
  },
  "test_metrics": {
    "logistic_regression": {
      "threshold": 0.5,
      "precision": 0.7803921568627451,
      "recall": 0.9521531100478469,
      "f1": 0.8577586206896551,
      "roc_auc": 0.9818562516763716,
      "false_positive_rate": 0.05063291139240506,
      "confusion_matrix": [
        [
          1050,
          56
        ],
        [
          10,
          199
        ]
      ]
    },
    "random_forest": {
      "threshold": 0.5,
      "precision": 0.9949238578680203,
      "recall": 0.937799043062201,
      "f1": 0.9655172413793104,
      "roc_auc": 0.9791243067392301,
      "false_positive_rate": 0.0009041591320072332,
      "confusion_matrix": [
        [
          1105,
          1
        ],
        [
          13,
          196
        ]
      ]
    }
  }
}